articulo,cantidad,taller
10069281,408,T4
10069283,272,T4
10069621,3,T4
10069622,1,T4
10140102,2,T4
10140103,2,T4
10140552,1,T4
10140801,280,T4
10140802,488,T4
10140803,270,T4
10185091,20,T4
10201093,4,T4
10276091,210,T4
10276094,138,T4
10293012,2,T4
10293031,116,T4
10293032,228,T4
10293033,230,T4
10293551,1,T4
10293552,221,T4
10293553,227,T4
10293623,9,T4
10293812,6,T4
10298011,16,T4
10298012,43,T4
10298013,42,T4
10298031,13,T4
10298032,56,T4
10298033,17,T4
10298551,10,T4
10298552,9,T4
10298553,21,T4
10298811,15,T4
10298812,93,T4
10298813,36,T4
10306033,1,T4
10306803,9,T4
10306811,3,T4
10313032,347,T4
10313033,221,T4
10336802,82,T4
10367012,126,T4
10367014,215,T4
10367031,258,T4
10367032,446,T4
10367033,105,T4
10367622,140,T4
10382372,126,T4
10384164,228,T4
10388163,72,T4
10013013,1,T6
10013014,3,T6
10013032,1,T6
10013033,5,T6
10013034,152,T6
10013035,2,T6
10013043,224,T6
10013045,336,T6
10013095,310,T6
10013623,83,T6
10013625,8,T6
10051033,3,T6
10051561,25,T6
10051563,35,T6
10051642,3,T6
10051643,2,T6
10051662,2,T6
10061262,4,T6
10061263,2,T6
10253031,177,T6
10253032,1,T6
10253092,51,T6
10253621,120,T6
10253622,419,T6
10253623,2,T6
10273011,2,T6
10273031,676,T6
10273032,727,T6
10273033,1119,T6
10273041,492,T6
10273043,1008,T6
10273283,2,T6
10273431,59,T6
10273432,106,T6
10273433,4,T6
10273551,133,T6
10273552,743,T6
10273553,1034,T6
10288011,36,T6
10288012,31,T6
10288013,1,T6
10288431,5,T6
10288432,9,T6
10288433,5,T6
10288552,3,T6
10288801,7,T6
10288802,8,T6
10288803,9,T6
10380012,1,T6
10380013,145,T6
10380032,10,T6
10380043,328,T6
10380551,3,T6
10380552,3,T6
10380553,26,T6
RL010031,1,T6
RL010032,1,T6
RL010033,12,T6
RL010041,3,T6
RL010043,2,T6
RL010551,2,T6
RL010552,1,T6
RL012011,2,T6
RL012012,2,T6
RL012013,8,T6
RL012032,3,T6
RL012033,1,T6
RL012042,1,T6
RL012101,1,T6
RL012103,1,T6
RL012622,2,T6
RL012623,1,T6
RL690013,156,T6
RL810011,2,T6
RL810012,1,T6
RL810013,1,T6
RL810031,2,T6
RL810032,1,T6
RL810431,3,T6
RL810432,6,T6
RL810801,1,T6
RL810802,3,T6
10060021,88,T8
10060022,264,T8
10060023,176,T8
10060024,176,T8
10089012,294,T8
10089013,294,T8
10089014,147,T8
10089015,147,T8
10089092,144,T8
10089093,282,T8
10089094,142,T8
10089095,4,T8
10188621,214,T8
10188622,8,T8
10188623,75,T8
10188624,111,T8
10225211,564,T8
10225212,1066,T8
10225281,13,T8
10225282,129,T8
10225332,508,T8
10225333,49,T8
10230622,310,T8
10253091,1,T8
10253093,2,T8
10338011,3,T8
10338012,10,T8
10338013,8,T8
10338801,4,T8
10338802,10,T8
10338803,7,T8
10026071,21,TA
10026102,120,TA
10026103,47,TA
10026801,2,TA
10026803,2,TA
10041011,2,TA
10041013,2,TA
10041021,1,TA
10041022,10,TA
10041023,3,TA
10041031,132,TA
10041032,60,TA
10041033,2,TA
10041092,10,TA
10041093,196,TA
10041103,8,TA
10041801,1,TA
10041803,6,TA
10064261,1,TA
10185091,5,TA
10185121,33,TA
10185122,17,TA
10185123,179,TA
10188033,145,TA
10188034,172,TA
10188801,1,TA
10201041,3,TA
10201091,2,TA
10201121,336,TA
10201122,4,TA
10201123,436,TA
10219212,23,TA
10223012,1,TA
10223031,91,TA
10223032,19,TA
10223033,204,TA
10304012,15,TA
10304092,1,TA
10304622,11,TA
10304623,7,TA
10306121,101,TA
10306122,13,TA
10306123,325,TA
10306802,60,TA
10306803,1,TA
10315032,100,TA
10315033,101,TA
10315431,1,TA
10315432,201,TA
10315801,3,TA
10315802,1,TA
10336011,43,TA
10336012,46,TA
10336013,98,TA
10336031,4,TA
10336032,7,TA
10336033,5,TA
10336802,1,TA
10336803,4,TA
10365011,187,TA
10365012,165,TA
10365013,173,TA
10365621,3,TA
10365622,2,TA
10382161,1,TA
10382391,8,TA
10382392,61,TA
10382393,64,TA
10384391,3,TA
10384392,87,TA
10384393,7,TA
10388392,8,TA
10388393,86,TA
RL010013,2,TB
RL010031,1,TB
RL010032,30,TB
RL010042,7,TB
RL010043,1,TB
RL010551,2,TB
RL011011,123,TB
RL011012,3,TB
RL011013,7,TB
RL011031,143,TB
RL011032,280,TB
RL011033,213,TB
RL011041,236,TB
RL011042,273,TB
RL011043,206,TB
RL011551,1,TB
RL011552,1,TB
RL012032,1,TB
RL012042,2,TB
RL012043,1,TB
RL250012,1,TB
RL250021,56,TB
RL250022,225,TB
RL250023,168,TB
RL250031,1,TB
RL250431,72,TB
RL250432,288,TB
RL250433,216,TB
RL250803,1,TB
RL260031,175,TB
RL260032,2,TB
RL260033,234,TB
RL260071,2,TB
RL260072,1,TB
RL260073,2,TB
RL260263,29,TB
RL260551,4,TB
RL260552,3,TB
RL260553,1,TB
RL260621,1,TB
RL270012,2,TB
RL270021,1,TB
RL270023,1,TB
RL270032,2,TB
RL271031,2,TB
RL271032,1,TB
RL271033,4,TB
RL271042,1,TB
RL271043,1,TB
RL271281,1,TB
RL271431,2,TB
RL271801,3,TB
RL271802,1,TB
RL271803,13,TB
RL280031,7,TB
RL280032,1,TB
RL280033,1,TB
RL280283,1,TB
RL280801,140,TB
RL280802,210,TB
RL280803,140,TB
RL300011,211,TB
RL300012,350,TB
RL300013,281,TB
RL300031,1,TB
RL300032,4,TB
RL300033,3,TB
RL300071,1,TB
RL300102,300,TB
RL300103,240,TB
RL300281,1,TB
RL300282,1,TB
RL300283,7,TB
RL300552,1,TB
RL300803,1,TB
RL300811,39,TB
RL300812,1,TB
RL300813,1,TB
RL320012,1,TB
RL320022,1,TB
RL380012,5,TB
RL380013,1,TB
RL380031,2,TB
RL380032,1,TB
RL380033,1,TB
RL380101,2,TB
RL380102,1,TB
RL380621,1,TB
RL380813,2,TB
RL510552,1,TB
RL550011,4,TB
RL550013,2,TB
RL550032,357,TB
RL550071,10,TB
RL550623,1,TB
RL600013,1,TB
RL600031,1,TB
RL600071,5,TB
RL600072,5,TB
RL600073,2,TB
RL600431,1,TB
RL600433,2,TB
RL600623,1,TB
RL610031,1,TB
RL610032,4,TB
RL610033,1,TB
RL610283,1,TB
RL610621,163,TB
RL610803,1,TB
RL650012,1,TB
RL650281,1,TB
RL650433,13,TB
RL650802,1,TB
RL680623,63,TB
RL700011,4,TB
RL700012,3,TB
RL700031,1,TB
RL700032,1,TB
RL700033,3,TB
RL700431,290,TB
RL700432,23,TB
RL700433,218,TB
RL710011,3,TB
RL710012,10,TB
RL710013,4,TB
RL710032,1,TB
RL710033,2,TB
RL710552,2,TB
RL710553,2,TB
RL710801,3,TB
RL720011,1,TB
RL720012,3,TB
RL720013,4,TB
RL720033,1,TB
RL720072,1,TB
RL720432,1,TB
RL730011,1,TB
RL730012,110,TB
RL730013,4,TB
RL730032,5,TB
RL730033,2,TB
RL730101,90,TB
RL730103,27,TB
RL730802,1,TB
RL800032,86,TB
RL850011,1,TB
RL850012,1,TB
RL850013,4,TB
RL850032,1,TB
RL850033,1,TB
RL850551,1,TB
RL850553,1,TB
RL850623,1,TB
RL850803,4,TB
RL860103,2,TB
RL870033,2,TB
RL870622,1,TB
RL870802,2,TB
RL880011,3,TB
RL880012,3,TB
RL880013,3,TB
RL880621,1,TB
RL880622,8,TB
RL880623,22,TB
RL880803,2,TB
10385033,38,TE
10385801,112,TE
10385803,141,TE
10386011,114,TE
10386012,276,TE
10386033,570,TE
10386472,2,TE
10386622,1,TE
10386801,219,TE
10387032,1,TE
